file_name,source_year,download_date,geographic_level,unit_of_measurement,limitations
rhna_housing_production_2025_by_jurisdiction.csv,2025,2026-08-21,Jurisdiction (18 cities + unincorporated San Diego County),Housing units (count); percent for share/pct_achieved fields,See data_quality_limitations.csv for full detail
apr_production_2018_2025_by_jurisdiction_year.csv,2018-2025,2026-08-21,"Jurisdiction (18 cities + unincorporated San Diego County), by year",Housing units (count); percent for affordable-share fields,2018 (APR's first collection year) may have lower reporting completeness than later years
rhna_housing_production_2025_regional_total.csv,2025,2026-08-21,Regional (all 18 cities + unincorporated San Diego County combined),Housing units (count); percent for share/pct_achieved fields,"Percent fields recalculated at the regional level, not averaged from jurisdiction percentages"
powerbi_rhna_production_2018_2025_long.csv,2000-2025 (varies by metric - see the metric/source columns within the file itself),2026-08-21,"Jurisdiction (18 cities + unincorporated San Diego County, except ACS/Census-based rows which are 18 cities only)",Varies by metric - see the file's own unit_of_measure column,"RHNA, stock, and housing-type rows are single-year (2025) snapshots; only the 4 production stages (Applications/Entitlements/Permits/Completed) span the full 2018-2025 range. Check per-year jurisdiction coverage before filtering"
apr_production_by_housing_type_2025.csv,2025,2026-08-21,Jurisdiction (18 cities + unincorporated San Diego County),"Housing units (count), broken out by structure type (UNIT_CAT), not income tier",UNIT_CAT category mapping needs confirmation against real value_counts() output - see the TODO in the Production by housing type section
sd_acs_2024_by_jurisdiction.csv,2020-2024 (represents 2024),2026-08-21,Jurisdiction (18 cities only - ACS places do not cover unincorporated county),"Population, housing units (count); owner/renter occupied (count)","5-year rolling estimate with margins of error, largest for small jurisdictions"
sd_acs_2021_by_jurisdiction.csv,2017-2021 (represents 2021),2026-08-21,Jurisdiction (18 cities only - ACS places do not cover unincorporated county),"Population, housing units (count); owner/renter occupied (count)","5-year rolling estimate (2017-2021), not directly comparable to Decennial Census point-in-time counts"
sd_census_2000_by_jurisdiction.csv,"2000 (April 1, point-in-time count)",2026-08-21,Jurisdiction (places only - 2000 Census place boundaries may not exactly match current jurisdiction boundaries),"Total housing units (count) - Summary File 1, variable H001001","Full-count Census, not a survey estimate. Place-boundary changes over 25 years may affect comparability"
sd_census_2010_by_jurisdiction.csv,"2010 (April 1, point-in-time count)",2026-08-21,Jurisdiction (places only - 2010 Census place boundaries may not exactly match current jurisdiction boundaries),"Total housing units (count) - Summary File 1, variable H001001","Full-count Census, not a survey estimate. Place-boundary changes over 15 years may affect comparability"
