NHPDPropertyID,PropertyName,jurisdiction,program_name,subsidy_status,subsidy_end_date,assisted_units,subsidy_field_prefix,subsidy_expiration_within_5_years,assisted_units_with_expiring_subsidy,subsidy_status_clean
1000353,VICTORIA AT COMM 22,San Diego,PRAC/202,Active,2055-01-31,30.0,S8_1,False,0.0,active
1000353,VICTORIA AT COMM 22,San Diego,4% Tax Credit,Active,2070-01-01,69.0,LIHTC_1,False,0.0,active
1000602,ADAPTABLE HOUSING,San Diego,Public Housing,Active,,35.0,PH_1,False,0.0,active
1000954,SILVERCREST CHULA VISTA,Chula Vista,202/8 NC,Active,2032-11-09,74.0,S8_1,False,0.0,active
1000954,SILVERCREST CHULA VISTA,Chula Vista,207/ 223(F) PUR/ REFIN HSG,Active,2038-03-01,75.0,FHA_1,False,0.0,active
1001136,MURRAY MANOR APARTMENTS,La Mesa,Preservation,Active,2027-11-30,198.0,S8_1,True,198.0,active
1001404,SILVERCREST OCEANSIDE,Oceanside,202/8 NC,Active,2033-05-16,68.0,S8_1,False,0.0,active
1001404,SILVERCREST OCEANSIDE,Oceanside,207/ 223(F) PUR/ REFIN HSG,Active,2034-03-01,69.0,FHA_1,False,0.0,active
1001554,CERRO PUEBLO,San Diego,Sec 8 NC,Active,2044-02-29,46.0,S8_1,False,0.0,active
1001554,CERRO PUEBLO,San Diego,4% Tax Credit,Active,2079-01-01,45.0,LIHTC_1,False,0.0,active
1001556,LIONS COMMUNITY MANOR,San Diego,202/8 NC,Active,2043-02-28,129.0,S8_1,False,0.0,active
1001556,LIONS COMMUNITY MANOR,San Diego,207/ 223(F) PUR/ REFIN HSG,Active,2058-03-01,131.0,FHA_1,False,0.0,active
1001566,GUADALUPE PLAZA,San Diego,202/8 NC,Active,2044-07-31,124.0,S8_1,False,0.0,active
1001634,RIO VISTA APARTMENTS,San Diego,223(A)(7) REFI OF 223(F) APTS,Active,2055-04-01,161.0,FHA_1,False,0.0,active
1001634,RIO VISTA APARTMENTS,San Diego,4% Tax Credit,Active,2069-01-01,159.0,LIHTC_1,False,0.0,active
1001636,VISTA LANE COURT,San Diego,202/8 NC,Active,2041-12-31,40.0,S8_1,False,0.0,active
1001636,VISTA LANE COURT,San Diego,207/ 223(F) PUR/ REFIN HSG,Active,2058-03-01,40.0,FHA_1,False,0.0,active
1010966,OLD GROVE APARTMENTS DEVELOPMENT LOAN,Oceanside,HOME,Active,2028-05-13,4.0,HOME_1,True,4.0,active
1011592,REESE VILLAGE,San Diego,PRAC/811,Active,2042-06-30,18.0,S8_1,False,0.0,active
1012020,LA JOLLA MARINE APARTMENTS,San Diego,Sec 8 NC,Active,2028-04-30,8.0,S8_1,True,8.0,active
1013059,CANTEBRIA SENIOR HOMES,Encinitas,PRAC/202,Active,2045-01-31,44.0,S8_1,False,0.0,active
1013059,CANTEBRIA SENIOR HOMES,Encinitas,HOME,Active,2026-09-29,11.0,HOME_1,False,0.0,active
1014355,BROADWAY APARTMENTS II,El Cajon,Preservation,Active,2041-10-31,50.0,S8_1,False,0.0,active
1014355,BROADWAY APARTMENTS II,El Cajon,Preservation,Active,2041-10-31,128.0,S8_2,False,0.0,active
1014355,BROADWAY APARTMENTS II,El Cajon,4% Tax Credit,Active,2077-01-01,160.0,LIHTC_1,False,0.0,active
1014357,BROADWAY 2,El Cajon,4% Tax Credit,Active,2077-01-01,50.0,LIHTC_1,False,0.0,active
1014369,ESCONDIDO APARTMENTS,Escondido,LMSA,Active,2038-10-31,91.0,S8_1,False,0.0,active
1014369,ESCONDIDO APARTMENTS,Escondido,4% Tax Credit,Active,2074-01-01,90.0,LIHTC_1,False,0.0,active
1014526,DEL PRADO,San Diego,LMSA,Active,2033-08-31,59.0,S8_1,False,0.0,active
1014727,ELDORADO,Oceanside,LMSA,Active,2032-08-31,83.0,S8_1,False,0.0,active
1014844,CATHEDRAL PLAZA,San Diego,LMSA,Active,2044-10-31,172.0,S8_1,False,0.0,active
1014844,CATHEDRAL PLAZA,San Diego,4% Tax Credit,Active,2078-01-01,222.0,LIHTC_1,False,0.0,active
1014865,MEADOWBROOK APARTMENTS I,San Diego,Preservation,Active,2046-01-31,366.0,S8_1,False,0.0,active
1014865,MEADOWBROOK APARTMENTS I,San Diego,4% Tax Credit,Active,2068-01-01,443.0,LIHTC_1,False,0.0,active
1017215,EUCLID AVENUE APARTMENTS,San Diego,LMSA,Active,2027-08-31,12.0,S8_1,True,12.0,active
1017216,DELTA MANOR APARTMENTS,San Diego,LMSA,Active,2033-07-31,21.0,S8_1,False,0.0,active
1017911,BIG SISTER LEAGUE RESIDENCY,San Diego,PRAC/811,Active,2037-07-31,15.0,S8_1,False,0.0,active
1017913,MERCY GARDENS,San Diego,PRAC/811,Inconclusive,2026-04-30,22.0,S8_1,False,0.0,inconclusive
1017915,MARINERS COVE APARTMENTS,San Diego,Sec 8 NC,Active,2029-03-31,100.0,S8_1,True,100.0,active
1017938,MICHALOWSKI HOUSE,Carlsbad,PRAC/811,Active,2050-08-31,6.0,S8_1,False,0.0,active
1017987,TETON HOUSE,El Cajon,PRAC/811,Active,2047-02-28,6.0,S8_1,False,0.0,active
1018011,MONTGOMERY HOUSE,Vista,PRAC/811,Active,2041-06-30,6.0,S8_1,False,0.0,active
1018012,MITCHELL HOUSE,Vista,PRAC/811,Active,2041-11-30,6.0,S8_1,False,0.0,active
1018013,VISTA HOUSE,Vista,PRAC/811,Active,2044-11-30,6.0,S8_1,False,0.0,active
1018014,GRACE HOUSE,Vista,PRAC/811,Active,2043-12-31,6.0,S8_1,False,0.0,active
1018015,ORIENTE HOUSE,Vista,PRAC/811,Active,2044-04-30,6.0,S8_1,False,0.0,active
1018066,SILVERCREST ESCONDIDO,Escondido,PRAC/202,Active,2039-04-30,74.0,S8_1,False,0.0,active
1018070,MARTIN HOUSE,Unincorporated San Diego County,PRAC/811,Active,2041-09-30,6.0,S8_1,False,0.0,active
1018123,ANJA HOUSE,Unincorporated San Diego County,PRAC/811,Active,2044-08-31,6.0,S8_1,False,0.0,active
1018125,AQUILLA HOUSE,Unincorporated San Diego County,PRAC/811,Active,2044-08-31,6.0,S8_1,False,0.0,active
1023173,VILLA MERCED,San Diego,202/8 NC,Active,2033-01-14,100.0,S8_1,False,0.0,active
1024154,VISTA HIDDEN VALLEY APARTMENTS,Vista,542(C) HFA RISK SHG---FFB EXISTING,Active,2053-03-01,50.0,FHA_1,False,0.0,active
1027083,GREEN MANOR,San Diego,LMSA,Active,2034-02-28,122.0,S8_1,False,0.0,active
1027091,LAKESIDE GARDENS,Unincorporated San Diego County,LMSA,Active,2045-07-31,84.0,S8_1,False,0.0,active
1027096,KEY LARGO APARTMENTS,El Cajon,Preservation,Active,2031-10-31,105.0,S8_1,False,0.0,active
1027096,KEY LARGO APARTMENTS,El Cajon,4% Tax Credit,Active,2066-01-01,130.0,LIHTC_1,False,0.0,active
1027100,HORTON HOUSE,San Diego,Sec 8 NC,Active,2043-12-31,150.0,S8_1,False,0.0,active
1027102,BELLA VISTA,San Diego,LMSA,Active,2037-08-31,144.0,S8_1,False,0.0,active
1027102,BELLA VISTA,San Diego,4% Tax Credit,Active,2073-01-01,169.0,LIHTC_1,False,0.0,active
1027104,MAR VISTA ELDORADO,Oceanside,PRAC/202,Active,2034-11-30,72.0,S8_1,False,0.0,active
1027106,LAKESHORE VILLA,San Diego,Sec 8 NC,Active,2046-02-28,124.0,S8_1,False,0.0,active
1027155,THE STRATTON APARTMENTS,San Diego,Preservation,Active,2043-10-31,166.0,S8_1,False,0.0,active
1027155,THE STRATTON APARTMENTS,San Diego,4% Tax Credit,Active,2055-01-01,217.0,LIHTC_1,False,0.0,active
1027157,COLUMBIA TOWER,San Diego,HFDA/8 NC,Active,2037-12-31,148.0,S8_1,False,0.0,active
1027163,PROJECT ROHER,San Marcos,PRAC/811,Active,2034-12-31,12.0,S8_1,False,0.0,active
1027165,GARDEN VILLAS,Chula Vista,202/8 NC,Active,2045-01-31,99.0,S8_1,False,0.0,active
1027165,GARDEN VILLAS,Chula Vista,4% Tax Credit,Active,2069-01-01,99.0,LIHTC_1,False,0.0,active
1027173,MORGAN TOWERS,National City,Sec 8 NC,Active,2039-03-31,151.0,S8_1,False,0.0,active
1027173,MORGAN TOWERS,National City,4% Tax Credit,Active,2075-01-01,151.0,LIHTC_1,False,0.0,active
1027177,SILVERCREST EL CAJON,El Cajon,202/8 NC,Active,2035-09-18,74.0,S8_1,False,0.0,active
1027177,SILVERCREST EL CAJON,El Cajon,207/ 223(F) PUR/ REFIN HSG,Active,2036-03-01,75.0,FHA_1,False,0.0,active
1027179,POWAY VILLAS,Poway,LMSA,Active,2031-10-31,59.0,S8_1,False,0.0,active
1027179,POWAY VILLAS,Poway,4% Tax Credit,Active,2066-01-01,59.0,LIHTC_1,False,0.0,active
1027191,TRINITY MANOR,San Diego,202/8 NC,Active,2035-06-30,99.0,S8_1,False,0.0,active
1027191,TRINITY MANOR,San Diego,207/ 223(F) PUR/ REFIN HSG,Active,2050-07-01,100.0,FHA_1,False,0.0,active
1027201,SU CASA POR CORTEZ,Encinitas,Preservation,Inconclusive,2026-06-30,28.0,S8_1,False,0.0,inconclusive
1027201,SU CASA POR CORTEZ,Encinitas,223(A)(7)/241(F)/236 REFI/EQUITY LOAN,Active,2046-04-01,30.0,FHA_1,False,0.0,active
1027207,LEXINGTON GREEN APARTMENTS,El Cajon,Preservation,Active,2044-07-31,110.0,S8_1,False,0.0,active
1027207,LEXINGTON GREEN APARTMENTS,El Cajon,4% Tax Credit,Active,2062-01-01,142.0,LIHTC_1,False,0.0,active
1027209,SAN DIEGO SQUARE,San Diego,202/8 NC,Active,2034-11-30,154.0,S8_1,False,0.0,active
1027209,SAN DIEGO SQUARE,San Diego,4% Tax Credit,Active,2070-01-01,154.0,LIHTC_1,False,0.0,active
1027211,ST JOHNS PLAZA APARTMENTS,Lemon Grove,202/8 NC,Active,2044-11-30,99.0,S8_1,False,0.0,active
1027326,WOODGLEN VISTA APARTMENTS,Santee,HFDA/8 NC,Active,2035-12-31,188.0,S8_1,False,0.0,active
1027326,WOODGLEN VISTA APARTMENTS,Santee,542(C) HFA RISK SHARING-RECENT COMP,Active,2052-10-01,188.0,FHA_1,False,0.0,active
1027326,WOODGLEN VISTA APARTMENTS,Santee,4% Tax Credit,Active,2072-01-01,185.0,LIHTC_1,False,0.0,active
1027341,VISTA SERENA,San Diego,PRAC/202,Active,2033-04-30,20.0,S8_1,False,0.0,active
1027342,VILLA NUEVA APARTMENTS,San Diego,LMSA,Active,2029-06-30,389.0,S8_1,True,389.0,active
1027342,VILLA NUEVA APARTMENTS,San Diego,4% Tax Credit,Active,2062-01-01,395.0,LIHTC_1,False,0.0,active
1027343,WESLEY TERRACE,San Diego,LMSA,Active,2039-09-30,160.0,S8_1,False,0.0,active
1027343,WESLEY TERRACE,San Diego,4% Tax Credit,Active,2075-01-01,159.0,LIHTC_1,False,0.0,active
1027344,VISTA TERRACE HILLS,San Diego,LMSA,Active,2045-03-31,262.0,S8_1,False,0.0,active
1027344,VISTA TERRACE HILLS,San Diego,4% Tax Credit,Active,2056-01-01,260.0,LIHTC_1,False,0.0,active
1027345,SEA BREEZE GARDENS,San Diego,LMSA,Active,2044-06-30,268.0,S8_1,False,0.0,active
1027345,SEA BREEZE GARDENS,San Diego,4% Tax Credit,Active,2062-01-01,267.0,LIHTC_1,False,0.0,active
1027346,TURNAGAIN ARMS,Unincorporated San Diego County,LMSA,Active,2028-09-30,22.0,S8_1,True,22.0,active
1027346,TURNAGAIN ARMS,Unincorporated San Diego County,4% Tax Credit,Active,2063-01-01,79.0,LIHTC_1,False,0.0,active
1027349,NORTH RIVER CLUB,Oceanside,Sec 8 NC,Active,2030-04-30,56.0,S8_1,True,56.0,active
1027350,ST JAMES PLAZA,Imperial Beach,202/8 NC,Active,2044-10-31,99.0,S8_1,False,0.0,active
1027351,FIRST CONGREGATIONAL MEMORIAL TOWER,San Diego,HFDA/8 NC,Active,2037-07-31,99.0,S8_1,False,0.0,active
1027351,FIRST CONGREGATIONAL MEMORIAL TOWER,San Diego,207/ 223(F) PUR/ REFIN HSG,Active,2052-08-01,100.0,FHA_1,False,0.0,active
1027476,CONGREGATIONAL TOWER,Chula Vista,LMSA,Active,2033-03-31,184.0,S8_1,False,0.0,active
1027476,CONGREGATIONAL TOWER,Chula Vista,4% Tax Credit,Active,2069-01-01,184.0,LIHTC_1,False,0.0,active
1027478,CASA COLINA DEL SOL,San Diego,Sec 8 NC,Active,2029-11-30,74.0,S8_1,True,74.0,active
1027478,CASA COLINA DEL SOL,San Diego,207/ 223(F) PUR/ REFIN HSG,Active,2039-02-01,75.0,FHA_1,False,0.0,active
1027478,CASA COLINA DEL SOL,San Diego,4% Tax Credit,Active,2059-01-01,74.0,LIHTC_1,False,0.0,active
1027490,TELACU SOUTHBAY MANOR,National City,PRAC/202,Active,2035-08-31,75.0,S8_1,False,0.0,active
1027509,WESTMINSTER MANOR,San Diego,LMSA,Active,2034-11-30,70.0,S8_1,False,0.0,active
1027509,WESTMINSTER MANOR,San Diego,LMSA,Active,2034-11-30,51.0,S8_2,False,0.0,active
1027509,WESTMINSTER MANOR,San Diego,4% Tax Credit,Active,2070-01-01,150.0,LIHTC_1,False,0.0,active
1027513,SILVERCREST SAN DIEGO,San Diego,PRAC/202,Active,2037-09-30,124.0,S8_1,False,0.0,active
1027527,EL CAJON APARTMENTS,El Cajon,HFDA/8 NC,Active,2032-12-31,88.0,S8_1,False,0.0,active
1027527,EL CAJON APARTMENTS,El Cajon,207/ 223(F) PUR/ REFIN HSG,Active,2049-06-01,89.0,FHA_1,False,0.0,active
1027532,LA MESA SPRINGS APARTMENTS,La Mesa,HFDA/8 NC,Active,2043-10-31,128.0,S8_1,False,0.0,active
1027532,LA MESA SPRINGS APARTMENTS,La Mesa,207/ 223(F) PUR/ REFIN HSG,Active,2054-06-01,129.0,FHA_1,False,0.0,active
1027532,LA MESA SPRINGS APARTMENTS,La Mesa,4% Tax Credit,Active,2075-01-01,128.0,LIHTC_1,False,0.0,active
1027535,CORONADO TERRACE APARTMENTS,San Diego,Preservation,Active,2037-10-31,243.0,S8_1,False,0.0,active
1027535,CORONADO TERRACE APARTMENTS,San Diego,4% Tax Credit,Active,2056-01-01,310.0,LIHTC_1,False,0.0,active
1027537,GRACE TOWER,San Diego,LMSA,Active,2035-07-31,20.0,S8_1,False,0.0,active
1027537,GRACE TOWER,San Diego,SPRAC,Active,2035-07-31,145.0,S8_2,False,0.0,active
1027537,GRACE TOWER,San Diego,221(D)(4) MKT RATE MOD INC/ DISP FAMS,Active,2056-08-01,168.0,FHA_1,False,0.0,active
1027545,CATHEDRAL ARMS,San Diego,LMSA,Active,2045-11-30,205.0,S8_1,False,0.0,active
1027545,CATHEDRAL ARMS,San Diego,207/ 223(F) PUR/ REFIN HSG,Active,2060-12-01,206.0,FHA_1,False,0.0,active
1027551,GRANGER APARTMENTS,National City,Preservation,Active,2043-10-31,163.0,S8_1,False,0.0,active
1027551,GRANGER APARTMENTS,National City,4% Tax Credit,Active,2072-01-01,178.0,LIHTC_1,False,0.0,active
1027572,OTAY PARK,San Diego,HFDA/8 NC,Active,2041-04-30,72.0,S8_1,False,0.0,active
1027600,DOWNSTOWN VISTA,Vista,PRAC/811,Active,2036-08-31,12.0,S8_1,False,0.0,active
1027608,VILLA ALTA,San Diego,PRAC/202,Active,2039-12-31,69.0,S8_1,False,0.0,active
1028074,REDWOOD VILLA,San Diego,4% Tax Credit,Active,2062-01-01,90.0,LIHTC_1,False,0.0,active
1028094,WINDSOR GARDENS,Escondido,4% Tax Credit,Active,2075-01-01,130.0,LIHTC_1,False,0.0,active
1028098,LOS ROBLES APARTMENTS VISTA,Vista,4% Tax Credit,Active,2068-01-01,75.0,LIHTC_1,False,0.0,active
1028155,SANFORD HOTEL,San Diego,Project Based Vouchers,Active,,20.0,Pbv_1,False,0.0,active
1028221,PARK VILLAGE APARTMENTS,Chula Vista,9% Tax Credit,Active,2047-01-01,28.0,LIHTC_1,False,0.0,active
1028221,PARK VILLAGE APARTMENTS,Chula Vista,CA California State Low Income Housing Tax Credit,Active,2047-01-01,27.0,State_1,False,0.0,active
1028296,NEW PALACE HOTEL,San Diego,Project Based Vouchers,Active,,64.0,Pbv_1,False,0.0,active
1028321,ESPERANZA GARDEN APARTMENTS,Encinitas,9% Tax Credit,Active,2049-01-01,10.0,LIHTC_1,False,0.0,active
1028333,HACIENDA TOWNHOMES,San Diego,9% Tax Credit,Active,2049-01-01,51.0,LIHTC_1,False,0.0,active
1028462,CAMPINA COURT APARTMENTS,La Mesa,4% Tax Credit,Active,2069-01-01,59.0,LIHTC_1,False,0.0,active
1028538,DAYBREAK GROVE SUNRISE PLACE,Escondido,9% Tax Credit,Active,2048-01-01,21.0,LIHTC_1,False,0.0,active
1028538,DAYBREAK GROVE SUNRISE PLACE,Escondido,CA California State Low Income Housing Tax Credit,Active,2048-01-01,21.0,State_1,False,0.0,active
1028546,MISSION TERRACE APARTMENTS,San Diego,9% Tax Credit,Inconclusive,2025-01-01,76.0,LIHTC_1,False,0.0,inconclusive
1028576,VILLA LOMA APARTMENTS,Carlsbad,9% Tax Credit,Active,2050-01-01,341.0,LIHTC_1,False,0.0,active
1028617,GOLDEN VILLA APARTMENTS,San Diego,9% Tax Credit,Active,2052-01-01,32.0,LIHTC_1,False,0.0,active
1028648,KALMIA COURTYARDS,Unincorporated San Diego County,4% Tax Credit,Active,2052-01-01,28.0,LIHTC_1,False,0.0,active
1028653,VINTAGE POINTE SENIOR APARTMENTS,Oceanside,9% Tax Credit,Active,2052-01-01,136.0,LIHTC_1,False,0.0,active
1028676,CEDAR NETTLETON APARTMENTS,Vista,4% Tax Credit,Active,2072-01-01,67.0,LIHTC_1,False,0.0,active
1028676,CEDAR NETTLETON APARTMENTS,Vista,9% Tax Credit,Inconclusive,2026-01-01,39.0,LIHTC_2,False,0.0,inconclusive
1028734,TREMONT STREET APARTMENTS,Oceanside,9% Tax Credit,Inconclusive,2026-01-01,20.0,LIHTC_1,False,0.0,inconclusive
1028740,VILLAGE PLACE APARTMENTS,San Diego,542(C) HFA RISK SHARING-RECENT COMP,Active,2027-10-01,47.0,FHA_1,True,47.0,active
1028740,VILLAGE PLACE APARTMENTS,San Diego,4% Tax Credit,Active,2052-01-01,46.0,LIHTC_1,False,0.0,active
1028759,BELLA VISTA APARTMENTS PHASE III,El Cajon,4% Tax Credit,Active,2028-01-01,148.0,LIHTC_1,True,148.0,active
1028771,CORDOVA VILLAGE,Chula Vista,4% Tax Credit,Active,2028-01-01,39.0,LIHTC_1,True,39.0,active
1028804,LINCOLN HOTEL,San Diego,9% Tax Credit,Active,2051-01-01,41.0,LIHTC_1,False,0.0,active
1028819,TERRACES APARTMENTS,Escondido,9% Tax Credit,Active,2051-01-01,188.0,LIHTC_1,False,0.0,active
1028847,PARK VIEW TERRACE,Poway,9% Tax Credit,Active,2052-01-01,91.0,LIHTC_1,False,0.0,active
1028849,PARK VILLAS APARTMENTS,National City,4% Tax Credit,Active,2028-01-01,268.0,LIHTC_1,True,268.0,active
1028858,ORANGE PLACE,Escondido,9% Tax Credit,Active,2051-01-01,31.0,LIHTC_1,False,0.0,active
1028858,ORANGE PLACE,Escondido,CA California State Low Income Housing Tax Credit,Active,2051-01-01,31.0,State_1,False,0.0,active
1028861,PINEWOOD APARTMENTS,El Cajon,4% Tax Credit,Active,2027-01-01,55.0,LIHTC_1,True,55.0,active
1028884,SONOMA COURT APARTMENTS,Escondido,4% Tax Credit,Active,2069-01-01,60.0,LIHTC_1,False,0.0,active
1028930,CYPRESS COVE APARTMENTS,Escondido,4% Tax Credit,Active,2055-01-01,196.0,LIHTC_1,False,0.0,active
1028930,CYPRESS COVE APARTMENTS,Escondido,4% Tax Credit,Active,2071-01-01,198.0,LIHTC_2,False,0.0,active
1028930,CYPRESS COVE APARTMENTS,Escondido,HOME,Active,2032-04-05,11.0,HOME_1,False,0.0,active
1028941,TOUSST TEEN CENTER,San Diego,9% Tax Credit,Active,2053-01-01,21.0,LIHTC_1,False,0.0,active
1028972,CASA NETTLETON APARTMENTS,Vista,9% Tax Credit,Active,2029-01-01,28.0,LIHTC_1,True,28.0,active
1028975,LAUREL TREE APARTMENTS,Carlsbad,9% Tax Credit,Active,2054-01-01,136.0,LIHTC_1,False,0.0,active
1028981,MAPLEWOOD APARTMENTS,Unincorporated San Diego County,542(C) HFA RISK SHARING-RECENT COMP,Active,2034-04-01,79.0,FHA_1,False,0.0,active
1028981,MAPLEWOOD APARTMENTS,Unincorporated San Diego County,4% Tax Credit,Active,2071-01-01,78.0,LIHTC_1,False,0.0,active
1029000,EMERALD GARDENS,Escondido,9% Tax Credit,Active,2053-01-01,15.0,LIHTC_1,False,0.0,active
1029001,NORTH PARK,San Diego,4% Tax Credit,Active,2030-01-01,164.0,LIHTC_1,True,164.0,active
1029021,REGENCY CENTRE,San Diego,4% Tax Credit,Active,2030-01-01,99.0,LIHTC_1,True,99.0,active
1029033,STREGIS PARK,Chula Vista,4% Tax Credit,Active,2030-01-01,118.0,LIHTC_1,True,118.0,active
1029051,TERRA COTTA APARTMENTS,San Marcos,9% Tax Credit,Active,2054-01-01,167.0,LIHTC_1,False,0.0,active
1029067,LAUREL VILLAGE APARTMENTS,El Cajon,4% Tax Credit,Active,2028-01-01,33.0,LIHTC_1,True,33.0,active
1029068,VILLA SERENA APARTMENTS,Chula Vista,4% Tax Credit,Active,2063-01-01,131.0,LIHTC_1,False,0.0,active
1029071,LITTLE ITALY FAMILY HOUSING,San Diego,4% Tax Credit,Active,2028-01-01,15.0,LIHTC_1,True,15.0,active
1029096,ISLAND GARDENS APARTMENTS,San Diego,4% Tax Credit,Active,2030-01-01,122.0,LIHTC_1,True,122.0,active
1029097,JAMACHA GLEN APARTMENTS,Unincorporated San Diego County,9% Tax Credit,Active,2055-01-01,43.0,LIHTC_1,False,0.0,active
1029105,POINSETTIA STATION APARTMENTS,Carlsbad,4% Tax Credit,Active,2029-01-01,91.0,LIHTC_1,True,91.0,active
1029107,SAN MARTIN DE PORRES APARTMENTS,Unincorporated San Diego County,9% Tax Credit,Active,2055-01-01,115.0,LIHTC_1,False,0.0,active
1029107,SAN MARTIN DE PORRES APARTMENTS,Unincorporated San Diego County,CA California State Low Income Housing Tax Credit,Active,2055-01-01,115.0,State_1,False,0.0,active
1029109,SIERRA VISTA APARTMENTS,San Marcos,4% Tax Credit,Active,2030-01-01,190.0,LIHTC_1,True,190.0,active
1029112,WINONA GARDENS APARTMENTS,San Diego,9% Tax Credit,Active,2055-01-01,66.0,LIHTC_1,False,0.0,active
1029112,WINONA GARDENS APARTMENTS,San Diego,CA California State Low Income Housing Tax Credit,Active,2055-01-01,66.0,State_1,False,0.0,active
1029125,BROOKVIEW SENIOR HOUSING,Poway,9% Tax Credit,Active,2055-01-01,100.0,LIHTC_1,False,0.0,active
1029125,BROOKVIEW SENIOR HOUSING,Poway,CA California State Low Income Housing Tax Credit,Active,2055-01-01,100.0,State_1,False,0.0,active
1029142,TOWN & COUNTRY,San Diego,4% Tax Credit,Active,2029-01-01,97.0,LIHTC_1,True,97.0,active
1029142,TOWN & COUNTRY,San Diego,4% Tax Credit,Active,2073-01-01,143.0,LIHTC_2,False,0.0,active
1029156,EUCALYPTUS VIEW CO OPERATIVE,Escondido,9% Tax Credit,Active,2055-01-01,23.0,LIHTC_1,False,0.0,active
1029156,EUCALYPTUS VIEW CO OPERATIVE,Escondido,CA California State Low Income Housing Tax Credit,Active,2055-01-01,23.0,State_1,False,0.0,active
1029176,RANCHO CARRILLO APARTMENTS,Carlsbad,542(C) HFA RISK SHG---FFB EXISTING,Active,2057-08-01,116.0,FHA_1,False,0.0,active
1029176,RANCHO CARRILLO APARTMENTS,Carlsbad,4% Tax Credit,Active,2029-01-01,76.0,LIHTC_1,True,76.0,active
1029199,SUMMIT ROSE APARTMENTS,Escondido,207/ 223(F) PUR/ REFIN HSG,Active,2050-08-01,91.0,FHA_1,False,0.0,active
1029199,SUMMIT ROSE APARTMENTS,Escondido,4% Tax Credit,Active,2029-01-01,89.0,LIHTC_1,True,89.0,active
1029199,SUMMIT ROSE APARTMENTS,Escondido,4% Tax Credit,Active,2071-01-01,90.0,LIHTC_2,False,0.0,active
1029213,TERESINA AT LOMAS VERDES,Chula Vista,4% Tax Credit,Active,2054-01-01,88.0,LIHTC_1,False,0.0,active
1029217,THE KNOLLS SAN MARCOS,San Marcos,9% Tax Credit,Active,2053-01-01,61.0,LIHTC_1,False,0.0,active
1029217,THE KNOLLS SAN MARCOS,San Marcos,CA California State Low Income Housing Tax Credit,Active,2053-01-01,61.0,State_1,False,0.0,active
1029229,CORDOVA TROLLEY REHABS,Chula Vista,9% Tax Credit,Active,2029-01-01,18.0,LIHTC_1,True,18.0,active
1029229,CORDOVA TROLLEY REHABS,Chula Vista,4% Tax Credit,Active,2074-01-01,57.0,LIHTC_2,False,0.0,active
1029241,VILLA SERENA APARTMENTS,San Marcos,4% Tax Credit,Active,2063-01-01,136.0,LIHTC_1,False,0.0,active
1029241,VILLA SERENA APARTMENTS,San Marcos,CA California State Low Income Housing Tax Credit,Active,,62.0,State_1,False,0.0,active
1029242,SEABREEZE APARTMENTS,San Diego,9% Tax Credit,Active,2061-01-01,29.0,LIHTC_1,False,0.0,active
1029251,VISTA VERDE APARTMENTS,San Diego,9% Tax Credit,Active,2053-01-01,39.0,LIHTC_1,False,0.0,active
1029251,VISTA VERDE APARTMENTS,San Diego,Public Housing,Active,,40.0,PH_1,False,0.0,active
1029254,VENTALISO II,San Marcos,4% Tax Credit,Active,2071-01-01,47.0,LIHTC_1,False,0.0,active
1029262,VILLA ESCONDIDO APARTMENTS,Escondido,9% Tax Credit,Active,2056-01-01,112.0,LIHTC_1,False,0.0,active
1029262,VILLA ESCONDIDO APARTMENTS,Escondido,CA California State Low Income Housing Tax Credit,Active,2056-01-01,111.0,State_1,False,0.0,active
1029271,BRIDGEPORT PROPERTIES I,San Diego,4% Tax Credit,Active,2054-01-01,155.0,LIHTC_1,False,0.0,active
1029271,BRIDGEPORT PROPERTIES I,San Diego,4% Tax Credit,Active,2054-01-01,242.0,LIHTC_2,False,0.0,active
1029274,VISTA LAS FLORES,Carlsbad,4% Tax Credit,Active,2056-01-01,27.0,LIHTC_1,False,0.0,active
1029274,VISTA LAS FLORES,Carlsbad,HOME,Active,2034-08-13,5.0,HOME_1,False,0.0,active
1029278,West Mission Corridor Revitalization Project San Marcos,San Marcos,4% Tax Credit,Active,2073-01-01,103.0,LIHTC_1,False,0.0,active
1029283,LANCASTER MANOR APARTMENTS,San Diego,4% Tax Credit,Active,2028-01-01,245.0,LIHTC_1,True,245.0,active
1029298,PARKSIDE APARTMENTS,San Diego,4% Tax Credit,Active,2056-01-01,39.0,LIHTC_1,False,0.0,active
1029303,HILLSIDE VIEWS,San Diego,4% Tax Credit,Active,2074-01-01,297.0,LIHTC_1,False,0.0,active
1029321,VISTA DEL SOL,National City,4% Tax Credit,Active,2029-01-01,130.0,LIHTC_1,True,130.0,active
1029330,CASA PULETA APARTMENTS,San Diego,9% Tax Credit,Active,2057-01-01,53.0,LIHTC_1,False,0.0,active
1029351,HILLSIDE COMMUNITY APARTMENTS,Poway,9% Tax Credit,Active,2057-01-01,70.0,LIHTC_1,False,0.0,active
1029366,MARKET SQUARE MANOR,San Diego,9% Tax Credit,Active,2057-01-01,198.0,LIHTC_1,False,0.0,active
1029366,MARKET SQUARE MANOR,San Diego,Project Based Vouchers,Active,,35.0,Pbv_1,False,0.0,active
1029379,OLD GROVE APARTMENTS,Oceanside,4% Tax Credit,Active,2057-01-01,55.0,LIHTC_1,False,0.0,active
1029395,HARBOR VIEW APARTMENTS,San Diego,4% Tax Credit,Active,2074-01-01,59.0,LIHTC_1,False,0.0,active
1029403,HOLLYWOOD PALMS II,San Diego,4% Tax Credit,Active,2073-01-01,93.0,LIHTC_1,False,0.0,active
1029416,HERITAGE APARTMENTS,Chula Vista,4% Tax Credit,Active,2074-01-01,268.0,LIHTC_1,False,0.0,active
1029417,MESA FAMILY APARTMENTS,San Diego,9% Tax Credit,Active,2057-01-01,41.0,LIHTC_1,False,0.0,active
1029443,SHADOW HILL APARTMENTS,Santee,4% Tax Credit,Active,2031-01-01,81.0,LIHTC_1,True,81.0,active
1029447,SPRING VALLEY APARTMENTS,Unincorporated San Diego County,4% Tax Credit,Active,2032-01-01,58.0,LIHTC_1,False,0.0,active
1029452,VILLA ANDALUCIA,San Diego,4% Tax Credit,Active,2032-01-01,31.0,LIHTC_1,False,0.0,active
1029454,VILLA GLEN APARTMENTS,San Diego,4% Tax Credit,Active,2032-01-01,25.0,LIHTC_1,False,0.0,active
1029455,TORREY DEL MAR APARTMENTS,San Diego,4% Tax Credit,Active,2032-01-01,110.0,LIHTC_1,False,0.0,active
1029457,TORREY HIGHLANDS APARTMENTS,San Diego,542(B) QPE RISK SHARING-RECENT COMP,Inconclusive,2033-08-01,76.0,FHA_1,False,0.0,inconclusive
1029457,TORREY HIGHLANDS APARTMENTS,San Diego,4% Tax Credit,Active,2031-01-01,75.0,LIHTC_1,True,75.0,active
1029468,WINDWOOD VILLAGE APARTMENTS,San Diego,4% Tax Credit,Active,2032-01-01,91.0,LIHTC_1,False,0.0,active
1029495,COBBLESTONE VILLAGE APARTMENTS,Escondido,4% Tax Credit,Active,2057-01-01,43.0,LIHTC_1,False,0.0,active
1029524,COPPER CREEK APARTMENTS,San Marcos,542(C) HFA RISK SHARING-RECENT COMP,Active,2036-02-01,156.0,FHA_1,False,0.0,active
1029524,COPPER CREEK APARTMENTS,San Marcos,9% Tax Credit,Active,2058-01-01,47.0,LIHTC_1,False,0.0,active
1029524,COPPER CREEK APARTMENTS,San Marcos,4% Tax Credit,Active,2058-01-01,155.0,LIHTC_2,False,0.0,active
1029546,DOVE CANYON APARTMENTS,San Diego,4% Tax Credit,Active,2058-01-01,118.0,LIHTC_1,False,0.0,active
1029556,FALLBROOK VIEW APARTMENTS,Unincorporated San Diego County,9% Tax Credit,Active,2058-01-01,79.0,LIHTC_1,False,0.0,active
1029566,GRANDON VILLAGE APARTMENTS,San Marcos,207/ 223(F) PUR/ REFIN HSG,Active,2053-08-01,161.0,FHA_1,False,0.0,active
1029566,GRANDON VILLAGE APARTMENTS,San Marcos,4% Tax Credit,Active,2058-01-01,160.0,LIHTC_1,False,0.0,active
1029582,LAUREL PARK SENIOR APARTMENTS,Santee,4% Tax Credit,Active,2059-01-01,131.0,LIHTC_1,False,0.0,active
1029583,LOS ARCOS APARTMENTS,Poway,4% Tax Credit,Active,2059-01-01,83.0,LIHTC_1,False,0.0,active
1029586,MARIPOSA APARTMENTS,Carlsbad,4% Tax Credit,Active,2058-01-01,105.0,LIHTC_1,False,0.0,active
1029588,METRO VILLAS,San Diego,9% Tax Credit,Active,2058-01-01,118.0,LIHTC_1,False,0.0,active
1029588,METRO VILLAS,San Diego,CA California State Low Income Housing Tax Credit,Active,2058-01-01,118.0,State_1,False,0.0,active
1029602,LILLIAN PLACE,San Diego,9% Tax Credit,Active,2061-01-01,59.0,LIHTC_1,False,0.0,active
1029608,TALMADGE SENIOR VILLAGE,San Diego,9% Tax Credit,Active,2061-01-01,90.0,LIHTC_1,False,0.0,active
1029608,TALMADGE SENIOR VILLAGE,San Diego,HOME,Active,2027-03-23,15.0,HOME_1,True,15.0,active
1029663,VIA ROBLE APARTMENTS,Escondido,4% Tax Credit,Active,2059-01-01,64.0,LIHTC_1,False,0.0,active
1029677,VINTAGE POINT SENIOR APARTMENTS PHASE II,Oceanside,4% Tax Credit,Active,2059-01-01,168.0,LIHTC_1,False,0.0,active
1029690,BEYER COURTYARD APARTMENTS,San Diego,4% Tax Credit,Active,2060-01-01,59.0,LIHTC_1,False,0.0,active
1029690,BEYER COURTYARD APARTMENTS,San Diego,HOME,Active,2026-08-29,25.0,HOME_1,False,0.0,active
1029702,MELROSE VILLAS,San Marcos,4% Tax Credit,Active,2060-01-01,113.0,LIHTC_1,False,0.0,active
1029706,CROSSINGS SAN DIEGO,San Diego,4% Tax Credit,Active,2060-01-01,107.0,LIHTC_1,False,0.0,active
1029707,LAS FLORES VILLAGE,San Marcos,4% Tax Credit,Active,2060-01-01,99.0,LIHTC_1,False,0.0,active
1029708,VISTA TERRAZA APARTMENTS,San Diego,4% Tax Credit,Active,2060-01-01,122.0,LIHTC_1,False,0.0,active
1029716,FAIRBANKS RIDGE AT DEL SUR,San Diego,4% Tax Credit,Active,2060-01-01,202.0,LIHTC_1,False,0.0,active
1029718,LAS SERENAS APARTMENTS,San Diego,4% Tax Credit,Active,2060-01-01,107.0,LIHTC_1,False,0.0,active
1029725,SAGE CANYON APARTMENTS,San Marcos,4% Tax Credit,Active,2061-01-01,71.0,LIHTC_1,False,0.0,active
1029753,SAGEWOOD APARTMENTS,San Diego,4% Tax Credit,Active,2060-01-01,105.0,LIHTC_1,False,0.0,active
1029765,ALABAMA MANOR APARTMENTS,San Diego,4% Tax Credit,Active,2061-01-01,66.0,LIHTC_1,False,0.0,active
1029765,ALABAMA MANOR APARTMENTS,San Diego,Project Based Vouchers,Active,,14.0,Pbv_1,False,0.0,active
1029779,AUBURN PARK APARTMENTS,San Diego,9% Tax Credit,Active,2061-01-01,67.0,LIHTC_1,False,0.0,active
1029799,CASSIA HEIGHTS APARTMENTS,Carlsbad,9% Tax Credit,Active,2061-01-01,55.0,LIHTC_1,False,0.0,active
1029805,CITY HEIGHTS SENIOR HOUSING,San Diego,9% Tax Credit,Active,2062-01-01,150.0,LIHTC_1,False,0.0,active
1029807,COLINA PARK NORTH APARTMENTS,San Diego,4% Tax Credit,Active,2062-01-01,63.0,LIHTC_1,False,0.0,active
1029815,CORONADO SENIOR HOUSING,Coronado,4% Tax Credit,Active,2062-01-01,29.0,LIHTC_1,False,0.0,active
1029823,DEL SOL APARTMENTS,San Diego,4% Tax Credit,Active,2061-01-01,92.0,LIHTC_1,False,0.0,active
1029853,HUNTERS POINTE APARTMENTS,Carlsbad,207/ 223(F) PUR/ REFIN HSG,Active,2046-11-01,168.0,FHA_1,False,0.0,active
1029853,HUNTERS POINTE APARTMENTS,Carlsbad,4% Tax Credit,Active,2061-01-01,166.0,LIHTC_1,False,0.0,active
1029860,JEAN C MCKINNEY MANOR,San Diego,9% Tax Credit,Active,2060-01-01,49.0,LIHTC_1,False,0.0,active
1029864,LA COSTA PALOMA,Carlsbad,4% Tax Credit,Active,2059-01-01,178.0,LIHTC_1,False,0.0,active
1029920,RANCHO BUENA VISTA APARTMENTS,Chula Vista,4% Tax Credit,Active,2059-01-01,149.0,LIHTC_1,False,0.0,active
1029922,RANCHO SANTA FE VILLAGE,San Marcos,4% Tax Credit,Active,2060-01-01,119.0,LIHTC_1,False,0.0,active
1029924,RANCHO DEL NORTE APARTMENTS,San Diego,4% Tax Credit,Active,2059-01-01,118.0,LIHTC_1,False,0.0,active
1029925,SENIORS ON BROADWAY,Chula Vista,9% Tax Credit,Active,2061-01-01,41.0,LIHTC_1,False,0.0,active
1029925,SENIORS ON BROADWAY,Chula Vista,CA California State Low Income Housing Tax Credit,Active,2081-01-01,41.0,State_1,False,0.0,active
1029933,SOLARA,Poway,9% Tax Credit,Active,2061-01-01,55.0,LIHTC_1,False,0.0,active
1029933,SOLARA,Poway,HOME,Active,2028-05-05,10.0,HOME_1,True,10.0,active
1029937,SPRING VILLA APARTMENTS,Unincorporated San Diego County,4% Tax Credit,Active,2062-01-01,135.0,LIHTC_1,False,0.0,active
1029954,THE LEAH RESIDENCE 9TH & F STREET APARTMENTS,San Diego,9% Tax Credit,Active,2060-01-01,23.0,LIHTC_1,False,0.0,active
1029954,THE LEAH RESIDENCE 9TH & F STREET APARTMENTS,San Diego,Project Based Vouchers,Active,,15.0,Pbv_1,False,0.0,active
1029984,BRISA DEL MAR VILLAGE APARTMENTS,Chula Vista,4% Tax Credit,Active,2061-01-01,105.0,LIHTC_1,False,0.0,active
1029984,BRISA DEL MAR VILLAGE APARTMENTS,Chula Vista,HOME,Active,2027-06-20,6.0,HOME_1,True,6.0,active
1029999,RENAISSANCE AT NORTH PARK SENIOR APARTMENTS,San Diego,9% Tax Credit,Active,2061-01-01,94.0,LIHTC_1,False,0.0,active
1029999,RENAISSANCE AT NORTH PARK SENIOR APARTMENTS,San Diego,HOME,Active,2027-11-08,11.0,HOME_1,True,11.0,active
1030101,PARKER KIER REHABILITATION,San Diego,HOME,Active,2029-02-20,24.0,HOME_1,True,24.0,active
1030101,PARKER KIER REHABILITATION,San Diego,Project Based Vouchers,Active,,19.0,Pbv_1,False,0.0,active
1030194,LEXINGTON SENIOR APARTMENTS,El Cajon,221(D)(4) MKT RATE MOD INC/ DISP FAMS,Active,2062-05-01,100.0,FHA_1,False,0.0,active
1030194,LEXINGTON SENIOR APARTMENTS,El Cajon,9% Tax Credit,Active,2076-01-01,99.0,LIHTC_1,False,0.0,active
1030194,LEXINGTON SENIOR APARTMENTS,El Cajon,HOME,Active,2028-10-16,11.0,HOME_1,True,11.0,active
1030255,ISLAND VILLAGE APARTMENTS,San Diego,4% Tax Credit,Active,2032-01-01,280.0,LIHTC_1,False,0.0,active
1030269,VILLA HARVEY MANDEL,San Diego,9% Tax Credit,Active,2057-01-01,90.0,LIHTC_1,False,0.0,active
1030306,MAYBERRY TOWNHOMES,San Diego,4% Tax Credit,Active,2070-01-01,69.0,LIHTC_1,False,0.0,active
1030485,GEORGE D MCKINNEY RETIREMENT CENTER,San Diego,RAD PRAC Conv,Active,2041-06-30,59.0,S8_1,False,0.0,active
1030485,GEORGE D MCKINNEY RETIREMENT CENTER,San Diego,4% Tax Credit,Active,2077-01-01,59.0,LIHTC_1,False,0.0,active
1030578,CITY HEIGHTS PLACE APARTMENTS FKA UNION BANK APARTMENTS,San Diego,4% Tax Credit,Active,2078-01-01,59.0,LIHTC_1,False,0.0,active
1030751,ARBOR TERRACE APARTMENTS,San Diego,207/ 223(F) PUR/ REFIN HSG,Active,2054-01-01,71.0,FHA_1,False,0.0,active
1030751,ARBOR TERRACE APARTMENTS,San Diego,9% Tax Credit,Active,2064-01-01,69.0,LIHTC_1,False,0.0,active
1030751,ARBOR TERRACE APARTMENTS,San Diego,HOME,Active,2030-05-11,22.0,HOME_1,True,22.0,active
1030751,ARBOR TERRACE APARTMENTS,San Diego,CA California State Low Income Housing Tax Credit,Active,2064-01-01,69.0,State_1,False,0.0,active
1030757,BEACHWIND COURT,Imperial Beach,207/ 223(F) PUR/ REFIN HSG,Active,2054-08-01,15.0,FHA_1,False,0.0,active
1030757,BEACHWIND COURT,Imperial Beach,4% Tax Credit,Active,2064-01-01,15.0,LIHTC_1,False,0.0,active
1030762,TOWN CENTER MANOR,Chula Vista,Public Housing,Active,,121.0,PH_1,False,0.0,active
1030763,BOULEVARD APARTMENTS,San Diego,4% Tax Credit,Active,2064-01-01,23.0,LIHTC_1,False,0.0,active
1030775,CITRON COURT,Lemon Grove,9% Tax Credit,Active,2063-01-01,35.0,LIHTC_1,False,0.0,active
1030776,525 ORANGE AVE,Coronado,4% Tax Credit,Active,2062-01-01,16.0,LIHTC_1,False,0.0,active
1030779,COUNTRY CLUB APARTMENTS OCEANSIDE,Oceanside,4% Tax Credit,Active,2064-01-01,89.0,LIHTC_1,False,0.0,active
1030807,CAPE COD SENIOR VILLAS,Oceanside,4% Tax Credit,Active,2063-01-01,35.0,LIHTC_1,False,0.0,active
1030808,LA ENTRADA FAMILY HOUSING,San Diego,9% Tax Credit,Active,2063-01-01,84.0,LIHTC_1,False,0.0,active
1030814,LOS VECINOS APARTMENTS,Chula Vista,9% Tax Credit,Active,2064-01-01,41.0,LIHTC_1,False,0.0,active
1030816,LOS VIENTOS,San Diego,9% Tax Credit,Active,2063-01-01,88.0,LIHTC_1,False,0.0,active
1030861,SHADOW WAY APARTMENTS,Oceanside,4% Tax Credit,Active,2063-01-01,143.0,LIHTC_1,False,0.0,active
1030865,STUDIO 15,San Diego,4% Tax Credit,Active,2063-01-01,274.0,LIHTC_1,False,0.0,active
1030872,GATEWAY FAMILY APARTMENTS I,San Diego,9% Tax Credit,Active,2062-01-01,41.0,LIHTC_1,False,0.0,active
1030872,GATEWAY FAMILY APARTMENTS I,San Diego,CA California State Low Income Housing Tax Credit,Active,2062-01-01,41.0,State_1,False,0.0,active
1030874,GLEN RIDGE APARTMENTS,Carlsbad,4% Tax Credit,Active,2062-01-01,77.0,LIHTC_1,False,0.0,active
1030902,LA MISION VILLAGE APARTMENTS,Oceanside,4% Tax Credit,Active,2062-01-01,79.0,LIHTC_1,False,0.0,active
1030906,LAS VENTANAS VILLAGE,Escondido,9% Tax Credit,Active,2062-01-01,79.0,LIHTC_1,False,0.0,active
1030950,PLAZA CITY APARTMENTS,National City,9% Tax Credit,Active,2063-01-01,79.0,LIHTC_1,False,0.0,active
1030977,THE LANDINGS,Chula Vista,4% Tax Credit,Active,2062-01-01,91.0,LIHTC_1,False,0.0,active
1030977,THE LANDINGS,Chula Vista,HOME,Active,2029-06-30,11.0,HOME_1,True,11.0,active
1031004,PAUL MIRABILE CENTER,San Diego,9% Tax Credit,Active,2049-01-01,175.0,LIHTC_1,False,0.0,active
1031018,ROYAL HEIGHTS APARTMENTS,El Cajon,9% Tax Credit,Active,2055-01-01,119.0,LIHTC_1,False,0.0,active
1031047,16TH & MARKET APARTMENTS,San Diego,4% Tax Credit,Active,2063-01-01,134.0,LIHTC_1,False,0.0,active
1031245,SUMMERCREST,National City,Preservation,Active,2038-08-31,372.0,S8_1,False,0.0,active
1031245,SUMMERCREST,National City,4% Tax Credit,Active,2059-01-01,368.0,LIHTC_1,False,0.0,active
1031291,OAK KNOLL VILLAS,Poway,4% Tax Credit,Active,2063-01-01,51.0,LIHTC_1,False,0.0,active
1031316,TEN FIFTY B APARTMENTS PHASE II,San Diego,4% Tax Credit,Active,2039-01-01,117.0,LIHTC_1,False,0.0,active
1031316,TEN FIFTY B APARTMENTS PHASE II,San Diego,4% Tax Credit,Active,2065-01-01,109.0,LIHTC_2,False,0.0,active
1031317,CANYON RIM APARTMENTS,San Diego,Preservation,Active,2043-10-31,244.0,S8_1,False,0.0,active
1031317,CANYON RIM APARTMENTS,San Diego,4% Tax Credit,Active,2056-01-01,353.0,LIHTC_1,False,0.0,active
1031318,Creekside LLC,San Diego,9% Tax Credit,Active,2060-01-01,49.0,LIHTC_1,False,0.0,active
1031319,GRANT HEIGHTS PARK,San Diego,LMSA,Active,2041-03-31,28.0,S8_1,False,0.0,active
1031319,GRANT HEIGHTS PARK,San Diego,4% Tax Credit,Active,2077-01-01,41.0,LIHTC_1,False,0.0,active
1031323,VILLAGE GREEN APARTMENTS,San Diego,4% Tax Credit,Active,2065-01-01,92.0,LIHTC_1,False,0.0,active
1031325,DAWSON AVENUE SENIOR APARTMENTS,San Diego,9% Tax Credit,Active,2064-01-01,87.0,LIHTC_1,False,0.0,active
1031325,DAWSON AVENUE SENIOR APARTMENTS,San Diego,HOME,Active,2030-05-06,35.0,HOME_1,True,35.0,active
1031327,CCBA SENIOR GARDEN,San Diego,4% Tax Credit,Active,2029-01-01,44.0,LIHTC_1,True,44.0,active
1031329,WAKELAND PARKSIDE TERRACE,San Diego,4% Tax Credit,Active,2064-01-01,76.0,LIHTC_1,False,0.0,active
1031367,EL PEDREGAL,San Diego,207/ 223(F) PUR/ REFIN HSG,Active,2046-12-01,45.0,FHA_1,False,0.0,active
1031367,EL PEDREGAL,San Diego,9% Tax Credit,Active,2064-01-01,44.0,LIHTC_1,False,0.0,active
1031379,CEDAR CREEK APARTMENTS,Santee,TCEP,Active,2065-01-01,47.0,LIHTC_1,False,0.0,active
1031391,BRIGHTON PLACE SPRING VALLEY,Unincorporated San Diego County,223(A)(7) REFIN / 223F NURSING/ICF/232,Active,2040-07-01,75.0,FHA_1,False,0.0,active
1031417,UNIVERSITY CANYON NORTH,San Diego,Public Housing,Active,,36.0,PH_1,False,0.0,active
1031420,PARHAM HOUSE,Vista,PRAC/811,Active,2053-12-31,6.0,S8_1,False,0.0,active
1031447,PALOMAR APARTMENTS,Chula Vista,4% Tax Credit,Active,2063-01-01,167.0,LIHTC_1,False,0.0,active
1031625,TESORO GROVE APARTMENTS,San Diego,9% Tax Credit,Active,2057-01-01,104.0,LIHTC_1,False,0.0,active
1031633,DOWNSTOWN SAN MARCOS,San Marcos,PRAC/811,Active,2037-01-31,12.0,S8_1,False,0.0,active
1031647,VERBENA FAMILY APARTMENTS,San Diego,9% Tax Credit,Active,2065-01-01,79.0,LIHTC_1,False,0.0,active
1031649,RIVERWALK APARTMENTS SAN DIEGO,San Diego,TCEP,Active,2065-01-01,49.0,LIHTC_1,False,0.0,active
1031653,ORANGE VILLAS,Coronado,TCEP,Active,2067-01-01,18.0,LIHTC_1,False,0.0,active
1031655,ARBOR VILLAGE APARTMENTS,San Diego,TCEP,Active,2066-01-01,111.0,LIHTC_1,False,0.0,active
1031659,JUNIPER SENIOR VILLAGE,Escondido,9% Tax Credit,Active,2065-01-01,60.0,LIHTC_1,False,0.0,active
1031659,JUNIPER SENIOR VILLAGE,Escondido,HOME,Active,2031-06-02,60.0,HOME_1,True,60.0,active
1031661,AUTUMN TERRACE,San Marcos,9% Tax Credit,Active,2064-01-01,100.0,LIHTC_1,False,0.0,active
1031668,TERRAMAR APARTMENTS,San Diego,4% Tax Credit,Active,2066-01-01,20.0,LIHTC_1,False,0.0,active
1031670,15TH & COMMERCIAL,San Diego,TCEP,Active,2067-01-01,139.0,LIHTC_1,False,0.0,active
1031672,ESTRELLA DEL MERCADO,San Diego,9% Tax Credit,Active,2066-01-01,91.0,LIHTC_1,False,0.0,active
1031696,THE CROSSINGS AT ESCONDIDO,Escondido,TCEP,Active,2066-01-01,54.0,LIHTC_1,False,0.0,active
1031891,CARLSBAD FAMILY HOUSING PROJECT,Carlsbad,HOME,Active,2027-12-14,2.0,HOME_1,True,2.0,active
1031896,TRENTON AVE APARTMENTS,Chula Vista,HOME,Active,2028-04-10,4.0,HOME_1,True,4.0,active
1031898,ARR-1547 BROADWAY UNIT 37,Chula Vista,HOME,Active,2030-09-17,1.0,HOME_1,True,1.0,active
1031900,THE LANDINGS II,Chula Vista,4% Tax Credit,Active,2065-01-01,141.0,LIHTC_1,False,0.0,active
1031900,THE LANDINGS II,Chula Vista,HOME,Active,2031-10-24,11.0,HOME_1,False,0.0,active
1031901,ARR-2232 HUNTINGTON UNIT 54,Chula Vista,HOME,Active,2030-09-01,1.0,HOME_1,True,1.0,active
1031903,ARR-532 ANITA UNIT 101,Chula Vista,HOME,Active,2030-09-17,1.0,HOME_1,True,1.0,active
1031904,ARR-621 D UNIT 109,Chula Vista,HOME,Active,2030-09-17,1.0,HOME_1,True,1.0,active
1031905,MAAC,Chula Vista,HOME,Active,2027-12-30,41.0,HOME_1,True,41.0,active
1031930,SILVER SAGE,Unincorporated San Diego County,4% Tax Credit,Active,2065-01-01,79.0,LIHTC_1,False,0.0,active
1031930,SILVER SAGE,Unincorporated San Diego County,HOME,Active,2031-03-18,28.0,HOME_1,True,28.0,active
1031932,VILLA LAKESHORE APARTMENTS,Unincorporated San Diego County,4% Tax Credit,Active,2076-01-01,33.0,LIHTC_1,False,0.0,active
1031932,VILLA LAKESHORE APARTMENTS,Unincorporated San Diego County,Mod Rehab,Active,,27.0,Mr_1,False,0.0,active
1031977,CHW EL NORTE APARTMENTS,Escondido,HOME,Active,2033-06-27,36.0,HOME_1,False,0.0,active
1031985,SERENITY VILLAGE,Escondido,HOME,Active,2029-07-14,4.0,HOME_1,True,4.0,active
1032057,SPRINGBROOK GROVE,Unincorporated San Diego County,4% Tax Credit,Active,2065-01-01,43.0,LIHTC_1,False,0.0,active
1032057,SPRINGBROOK GROVE,Unincorporated San Diego County,HOME,Active,2031-06-30,16.0,HOME_1,True,16.0,active
1032347,ACQUISITION REHABILITATION OF 8 UNITS- 138 NORTON AVENUE,National City,HOME,Active,2028-09-25,8.0,HOME_1,True,8.0,active
1032349,CASA QUINTA 10 UNITS AQ/ REHAB BY CHDO- CASA FAMILIAR INC 304 EAST 5TH ST,National City,HOME,Active,2027-03-21,6.0,HOME_1,True,6.0,active
1032403,LA MISION AFFORDABLE HOUSING,Oceanside,HOME,Active,2028-09-22,10.0,HOME_1,True,10.0,active
1032407,INTERFAITH COMMUNITY SERVICES ACQ/REHAB 1,Oceanside,HOME,Active,2026-09-08,3.0,HOME_1,False,0.0,active
1032409,LIL JACKSON SENIOR COMMUNITY,Oceanside,PRAC/202,Active,2051-09-30,79.0,S8_1,False,0.0,active
1032409,LIL JACKSON SENIOR COMMUNITY,Oceanside,HOME,Active,2032-01-05,2.0,HOME_1,False,0.0,active
1032409,LIL JACKSON SENIOR COMMUNITY,Oceanside,HOME,Active,2032-01-30,10.0,HOME_2,False,0.0,active
1032413,MAR VISTA HOUSE,Oceanside,PRAC/811,Active,2047-02-28,6.0,S8_1,False,0.0,active
1032415,FULLER CENTER FOR HOUSING 1,Oceanside,HOME,Active,2027-06-12,1.0,HOME_1,True,1.0,active
1032491,CONNECTIONS HOUSING,San Diego,9% Tax Credit,Active,2067-01-01,89.0,LIHTC_1,False,0.0,active
1032491,CONNECTIONS HOUSING,San Diego,HOME,Active,2029-05-21,15.0,HOME_1,True,15.0,active
1032491,CONNECTIONS HOUSING,San Diego,Project Based Vouchers,Active,,67.0,Pbv_1,False,0.0,active
1032492,,San Diego,HOME,Active,2029-05-29,16.0,HOME_1,True,16.0,active
1032492,,San Diego,Project Based Vouchers,Active,,15.0,Pbv_1,False,0.0,active
1032503,GEORGIA STREET APARTMENTS,San Diego,4% Tax Credit,Active,2066-01-01,30.0,LIHTC_1,False,0.0,active
1032504,VETERANS VILLAGE PHASE V,San Diego,HOME,Active,2032-11-01,35.0,HOME_1,False,0.0,active
1032504,VETERANS VILLAGE PHASE V,San Diego,HOME,Active,2035-12-17,9.0,HOME_2,False,0.0,active
1032508,JUNIPER GARDENS APARTMENTS,San Diego,HFDA/8 NC,Active,2032-11-30,40.0,S8_1,False,0.0,active
1032508,JUNIPER GARDENS APARTMENTS,San Diego,4% and 9% Tax Credit,Active,2068-01-01,39.0,LIHTC_1,False,0.0,active
1032508,JUNIPER GARDENS APARTMENTS,San Diego,HOME,Active,2029-05-07,15.0,HOME_1,True,15.0,active
1032512,TOWNSPEOPLE CHDO 34TH STREET PROJECT,San Diego,HOME,Active,2027-04-19,26.0,HOME_1,True,26.0,active
1032656,PRIMROSE AFFORDABLE HOUSING PROJECT-CHDO,Vista,207/ 223(F) PUR/ REFIN HSG,Inconclusive,2045-09-01,22.0,FHA_1,False,0.0,inconclusive
1032656,PRIMROSE AFFORDABLE HOUSING PROJECT-CHDO,Vista,HOME,Active,2029-01-27,21.0,HOME_1,True,21.0,active
1032660,VISTA TERRACE,Vista,4% Tax Credit,Active,2068-01-01,46.0,LIHTC_1,False,0.0,active
1032660,VISTA TERRACE,Vista,HOME,Active,2028-08-21,4.0,HOME_1,True,4.0,active
1032731,TAVARUA SENIOR APARTMENTS,Carlsbad,9% Tax Credit,Active,2068-01-01,49.0,LIHTC_1,False,0.0,active
1032753,SOLTERRA,El Cajon,9% Tax Credit,Active,2068-01-01,48.0,LIHTC_1,False,0.0,active
1032761,IRIS APARTMENTS,Encinitas,9% Tax Credit,Active,2068-01-01,19.0,LIHTC_1,False,0.0,active
1032761,IRIS APARTMENTS,Encinitas,HOME,Active,2033-08-02,11.0,HOME_1,False,0.0,active
1032763,AVOCADO COURT,Escondido,9% Tax Credit,Active,2067-01-01,35.0,LIHTC_1,False,0.0,active
1032785,POST,Imperial Beach,4% Tax Credit,Active,2067-01-01,29.0,LIHTC_1,False,0.0,active
1032792,CITRONICA ONE,Lemon Grove,9% Tax Credit,Active,2067-01-01,55.0,LIHTC_1,False,0.0,active
1032847,ORANGE GARDENS,Poway,4% Tax Credit,Active,2066-01-01,51.0,LIHTC_1,False,0.0,active
1032849,BRIGHTON PLACE,Poway,9% Tax Credit,Active,2066-01-01,76.0,LIHTC_1,False,0.0,active
1032875,CEDAR GATEWAY,San Diego,9% Tax Credit,Active,2069-01-01,63.0,LIHTC_1,False,0.0,active
1032877,MISSION APARTMENTS,San Diego,4% Tax Credit,Active,2066-01-01,84.0,LIHTC_1,False,0.0,active
1032879,FLORIDA STREET APARTMENTS,San Diego,4% Tax Credit,Active,2066-01-01,82.0,LIHTC_1,False,0.0,active
1032881,KNOX GLEN TOWNHOMES,San Diego,4% Tax Credit,Active,2068-01-01,53.0,LIHTC_1,False,0.0,active
1032883,VISTA GRANDE,San Diego,9% Tax Credit,Active,2065-01-01,48.0,LIHTC_1,False,0.0,active
1032909,WESTLAKE VILLAGE APARTMENTS PHASE 1,San Marcos,9% Tax Credit,Active,2067-01-01,48.0,LIHTC_1,False,0.0,active
1032947,FORESTER SQUARE,Santee,4% Tax Credit,Active,2067-01-01,43.0,LIHTC_1,False,0.0,active
1033000,OTAY VILLAS,San Diego,Public Housing,Active,,78.0,PH_1,False,0.0,active
1102084,CITY HEIGHTS TEN,San Diego,4% Tax Credit,Active,2069-01-01,129.0,LIHTC_1,False,0.0,active
1102108,PEPPERTREE SENIOR APARTMENTS,Unincorporated San Diego County,4% Tax Credit,Active,2069-01-01,103.0,LIHTC_1,False,0.0,active
1102120,PASEO POINTE,Vista,9% Tax Credit,Active,2070-01-01,68.0,LIHTC_1,False,0.0,active
1102585,THE CROSSINGS AT ESCONDIDO MANOR,Escondido,4% Tax Credit,Active,2070-01-01,43.0,LIHTC_1,False,0.0,active
1102587,VILLAGE GROVE APARTMENTS,Escondido,4% Tax Credit,Active,2064-01-01,160.0,LIHTC_1,False,0.0,active
1102601,VERSA AT CIVITA,San Diego,9% Tax Credit,Active,2070-01-01,148.0,LIHTC_1,False,0.0,active
1102984,Paradise Creek,National City,9% Tax Credit,Active,2071-01-01,108.0,LIHTC_1,False,0.0,active
1102984,Paradise Creek,National City,HOME,Active,2037-07-19,11.0,HOME_1,False,0.0,active
1102987,PROMENADE AT CREEKSIDE,San Marcos,9% Tax Credit,Active,2071-01-01,64.0,LIHTC_1,False,0.0,active
1102989,TROLLY PARK TERRACE,San Diego,4% Tax Credit,Active,2071-01-01,51.0,LIHTC_1,False,0.0,active
1102992,TORREY VALE APARTMENTS,San Diego,4% Tax Credit,Active,2071-01-01,27.0,LIHTC_1,False,0.0,active
1102995,PASEO AT COMM22 FKA COMM22 FAMILY HOUSING,San Diego,4% Tax Credit,Active,2069-01-01,128.0,LIHTC_1,False,0.0,active
1102997,INDEPENDENCE POINT,San Diego,4% Tax Credit,Active,2070-01-01,31.0,LIHTC_1,False,0.0,active
1102997,INDEPENDENCE POINT,San Diego,HOME,Active,2036-08-10,10.0,HOME_1,False,0.0,active
1103002,CIELO CARMEL I,San Diego,4% Tax Credit,Active,2071-01-01,106.0,LIHTC_1,False,0.0,active
1103002,CIELO CARMEL I,San Diego,4% Tax Credit,Active,2071-01-01,89.0,LIHTC_2,False,0.0,active
1103003,RANCHO DEL SOL,San Diego,4% Tax Credit,Active,2070-01-01,95.0,LIHTC_1,False,0.0,active
1103467,DEL PRADO DELTA MANOR,San Diego,4% Tax Credit,Active,2068-01-01,80.0,LIHTC_1,False,0.0,active
1103666,FAIRBANKS SQUARE,San Diego,4% Tax Credit,Active,2069-01-01,98.0,LIHTC_1,False,0.0,active
1103772,MESA COMMONS APARTMENTS,San Diego,9% Tax Credit,Active,2069-01-01,77.0,LIHTC_1,False,0.0,active
1103772,MESA COMMONS APARTMENTS,San Diego,HOME,Active,2035-04-23,11.0,HOME_1,False,0.0,active
1104272,LOFTS ON LANDIS,Chula Vista,9% Tax Credit,Active,2070-01-01,32.0,LIHTC_1,False,0.0,active
1104272,LOFTS ON LANDIS,Chula Vista,HOME,Active,2036-06-19,11.0,HOME_1,False,0.0,active
1104934,WESTLAKE VILLAGE APARTMENTS PHASE II,San Marcos,9% Tax Credit,Active,2068-01-01,56.0,LIHTC_1,False,0.0,active
1104935,NORTH SANTA FE APARTMENTS,Vista,9% Tax Credit,Active,2071-01-01,66.0,LIHTC_2,False,0.0,active
1105055,PARKVIEW APARTMENTS SAN MARCOS,San Marcos,9% Tax Credit,Active,2062-01-01,82.0,LIHTC_1,False,0.0,active
1105553,Celadon at 9TH & BROADWAY PHASE 1,San Diego,9% Tax Credit,Active,2070-01-01,128.0,LIHTC_2,False,0.0,active
1105553,Celadon at 9TH & BROADWAY PHASE 1,San Diego,Project Based Vouchers,Active,,78.0,Pbv_1,False,0.0,active
1105641,ALPHA SQUARE 4,San Diego,9% Tax Credit,Active,2070-01-01,148.0,LIHTC_1,False,0.0,active
1105641,ALPHA SQUARE 4,San Diego,4% Tax Credit,Active,2070-01-01,53.0,LIHTC_2,False,0.0,active
1105641,ALPHA SQUARE 4,San Diego,Project Based Vouchers,Active,,73.0,Pbv_1,False,0.0,active
1105911,FAIRBANKS COMMONS,San Diego,4% Tax Credit,Active,2068-01-01,163.0,LIHTC_1,False,0.0,active
1106208,CASA DE CORTEZ,Unincorporated San Diego County,Preservation,Active,2040-07-31,28.0,S8_1,False,0.0,active
1106208,CASA DE CORTEZ,Unincorporated San Diego County,223(A)(7)/221(D)(4) MKT REFI/ MODERATE,Active,2057-07-01,32.0,FHA_1,False,0.0,active
1106208,CASA DE CORTEZ,Unincorporated San Diego County,4% Tax Credit,Active,2068-01-01,31.0,LIHTC_1,False,0.0,active
1106268,CITRONICA TWO,Lemon Grove,9% Tax Credit,Active,2069-01-01,79.0,LIHTC_1,False,0.0,active
1106525,VISTA LA ROSA APARTMENTS,San Diego,LMSA,Active,2041-03-31,182.0,S8_1,False,0.0,active
1106525,VISTA LA ROSA APARTMENTS,San Diego,4% Tax Credit,Active,2031-01-01,238.0,LIHTC_1,True,238.0,active
1106804,MONTECITO VILLAGE,Unincorporated San Diego County,HFDA/8 NC,Active,2045-06-30,70.0,S8_1,False,0.0,active
1106804,MONTECITO VILLAGE,Unincorporated San Diego County,4% Tax Credit,Active,2063-01-01,69.0,LIHTC_1,False,0.0,active
1106972,SORRENTO TOWER,San Diego,LMSA,Active,2043-05-31,165.0,S8_1,False,0.0,active
1106972,SORRENTO TOWER,San Diego,4% Tax Credit,Active,2065-01-01,196.0,LIHTC_1,False,0.0,active
1107403,GOLDEN AGE GARDENS APARTMENTS,San Diego,HFDA/8 NC,Active,2042-04-30,75.0,S8_1,False,0.0,active
1107403,GOLDEN AGE GARDENS APARTMENTS,San Diego,207/ 223(F) PUR/ REFIN HSG,Active,2058-02-01,76.0,FHA_1,False,0.0,active
1107403,GOLDEN AGE GARDENS APARTMENTS,San Diego,4% Tax Credit,Active,2064-01-01,75.0,LIHTC_1,False,0.0,active
1107687,CARLTON COUNTRY CLUB VILLAS,Santee,Preservation,Active,2038-04-30,121.0,S8_1,False,0.0,active
1107687,CARLTON COUNTRY CLUB VILLAS,Santee,4% Tax Credit,Active,2073-01-01,129.0,LIHTC_1,False,0.0,active
1108452,OXFORD TERRACE,Chula Vista,LMSA,Active,2045-04-30,26.0,S8_1,False,0.0,active
1108452,OXFORD TERRACE,Chula Vista,4% Tax Credit,Active,2062-01-01,105.0,LIHTC_1,False,0.0,active
1116680,FIREBIRD MANOR,San Marcos,514 Off-Farm,Active,2028-04-24,37.0,RHS515_1,True,37.0,active
1117136,PEPPERTREE APARTMENTS,Unincorporated San Diego County,515/8 NC,Active,2035-12-04,32.0,S8_1,False,0.0,active
1117136,PEPPERTREE APARTMENTS,Unincorporated San Diego County,515 Rural Housing,Active,2038-06-23,,RHS515_1,False,0.0,active
1117514,COUNTRYSIDE APARTMENTS I,Unincorporated San Diego County,515 Rural Housing,Active,2035-10-27,27.0,RHS515_1,False,0.0,active
1121108,COUNTRYSIDE APARTMENTS II,Unincorporated San Diego County,515 Rural Housing,Active,2035-09-27,23.0,RHS515_1,False,0.0,active
1127093,,Chula Vista,HOME,Active,2038-07-02,11.0,HOME_1,False,0.0,active
1127094,,Chula Vista,HOME,Active,2030-09-17,1.0,HOME_1,True,1.0,active
1127101,CROSSINGS @ ESCONDIDO MANOR,Escondido,HOME,Active,2031-04-05,28.0,HOME_1,True,28.0,active
1127102,,Escondido,HOME,Active,2033-06-07,4.0,HOME_1,False,0.0,active
1127156,,Oceanside,HOME,Active,2035-06-30,11.0,HOME_1,False,0.0,active
1127156,,Oceanside,HOME,Active,2036-06-30,11.0,HOME_2,False,0.0,active
1127158,MISSION COVE FAMILY II D DVLP,Oceanside,HOME,Active,2037-08-28,11.0,HOME_1,False,0.0,active
1127192,CYPRESS APARTMENTS,San Diego,HOME,Active,2038-02-06,23.0,HOME_1,False,0.0,active
1127192,CYPRESS APARTMENTS,San Diego,Project Based Vouchers,Active,,60.0,Pbv_1,False,0.0,active
1127193,NORTH PARK SENIOR APARTMENTS,San Diego,HOME,Active,2038-08-27,11.0,HOME_1,False,0.0,active
1127194,TALMADGE GATEWAY,San Diego,9% Tax Credit,Active,2072-01-01,59.0,LIHTC_1,False,0.0,active
1127194,TALMADGE GATEWAY,San Diego,HOME,Active,2037-09-19,22.0,HOME_1,False,0.0,active
1127194,TALMADGE GATEWAY,San Diego,CA California State Low Income Housing Tax Credit,Active,2072-01-01,59.0,State_1,False,0.0,active
1127194,TALMADGE GATEWAY,San Diego,Project Based Vouchers,Active,,57.0,Pbv_1,False,0.0,active
1127195,,San Diego,HOME,Active,2037-06-19,11.0,HOME_1,False,0.0,active
1127196,,San Diego,HOME,Active,2038-10-16,11.0,HOME_1,False,0.0,active
1127197,,San Diego,HOME,Active,2032-02-01,22.0,HOME_1,False,0.0,active
1127198,,San Diego,HOME,Active,2035-07-28,29.0,HOME_1,False,0.0,active
1127203,EASTGATE,San Marcos,4% Tax Credit,Active,2072-01-01,41.0,LIHTC_1,False,0.0,active
1127203,EASTGATE,San Marcos,HOME,Active,2038-02-02,11.0,HOME_1,False,0.0,active
1129637,ATMOSPHERE II,San Diego,4% Tax Credit,Active,2072-01-01,103.0,LIHTC_1,False,0.0,active
1129637,ATMOSPHERE II,San Diego,HOME,Active,2033-04-12,11.0,HOME_1,False,0.0,active
1129637,ATMOSPHERE II,San Diego,CA California State Low Income Housing Tax Credit,Active,2072-01-01,99.0,State_1,False,0.0,active
1129637,ATMOSPHERE II,San Diego,Project Based Vouchers,Active,,51.0,Pbv_1,False,0.0,active
1129902,SOLUTIONS ESCONDIDO FKA ESCONDIDO SITE,Escondido,9% Tax Credit,Active,2072-01-01,32.0,LIHTC_1,False,0.0,active
1129902,SOLUTIONS ESCONDIDO FKA ESCONDIDO SITE,Escondido,CA California State Low Income Housing Tax Credit,Active,2072-01-01,32.0,State_1,False,0.0,active
1129922,FAIRBANKS TERRACE APARTMENTS,San Diego,4% Tax Credit,Active,2072-01-01,81.0,LIHTC_1,False,0.0,active
1129923,OUCHI COURTYARDS,San Diego,9% Tax Credit,Active,2072-01-01,43.0,LIHTC_1,False,0.0,active
1146284,CORNERSTONE PLACE,El Cajon,4% Tax Credit,Active,2074-01-01,69.0,LIHTC_1,False,0.0,active
1146284,CORNERSTONE PLACE,El Cajon,HOME,Active,2039-07-22,11.0,HOME_1,False,0.0,active
1146329,VILLA ENCANTADA,San Diego,HOME,Active,2039-05-06,11.0,HOME_1,False,0.0,active
1153951,,El Cajon,Mod Rehab,Active,,24.0,Mr_1,False,0.0,active
1153952,PARK VILLA APARTMENTS,El Cajon,RAD Mod Rehab Conv,Active,2042-07-31,34.0,S8_1,False,0.0,active
1153952,PARK VILLA APARTMENTS,El Cajon,Mod Rehab,Active,,16.0,Mr_1,False,0.0,active
1153953,,El Cajon,Mod Rehab,Active,,14.0,Mr_1,False,0.0,active
1153956,,San Diego,Mod Rehab,Active,,11.0,Mr_1,False,0.0,active
1154169,KIMBALL TOWER,National City,4% Tax Credit,Active,2075-01-01,149.0,LIHTC_1,False,0.0,active
1154169,KIMBALL TOWER,National City,Project Based Vouchers,Active,,138.0,Pbv_1,False,0.0,active
1154179,,Oceanside,HOME,Active,2032-06-21,6.0,HOME_1,False,0.0,active
1154179,,Oceanside,Project Based Vouchers,Active,,23.0,Pbv_1,False,0.0,active
1154191,WEST PARK APARTMENTS,San Diego,4% Tax Credit,Active,2075-01-01,46.0,LIHTC_1,False,0.0,active
1154191,WEST PARK APARTMENTS,San Diego,Project Based Vouchers,Active,,35.0,Pbv_1,False,0.0,active
1154192,,San Diego,Project Based Vouchers,Active,,83.0,Pbv_1,False,0.0,active
1154916,,Escondido,HOME,Active,2030-07-23,6.0,HOME_1,True,6.0,active
1154958,VISTA DEL PUENTE,San Diego,9% Tax Credit,Active,2073-01-01,51.0,LIHTC_1,False,0.0,active
1154958,VISTA DEL PUENTE,San Diego,HOME,Active,2039-10-03,20.0,HOME_1,False,0.0,active
1154958,VISTA DEL PUENTE,San Diego,CA California State Low Income Housing Tax Credit,Active,2073-01-01,51.0,State_1,False,0.0,active
1154959,THE LOFTS AT NORMAL HEIGHTS,San Diego,9% Tax Credit,Active,2074-01-01,52.0,LIHTC_1,False,0.0,active
1154959,THE LOFTS AT NORMAL HEIGHTS,San Diego,HOME,Active,2039-10-28,26.0,HOME_1,False,0.0,active
1154960,TWAIN HOUSING,San Diego,9% Tax Credit,Active,2074-01-01,79.0,LIHTC_1,False,0.0,active
1154960,TWAIN HOUSING,San Diego,HOME,Active,2040-03-09,27.0,HOME_1,False,0.0,active
1154961,BLUEWATER FKA FAIRMOUNT FAMILY HOUSING,San Diego,4% Tax Credit,Active,2074-01-01,79.0,LIHTC_1,False,0.0,active
1154961,BLUEWATER FKA FAIRMOUNT FAMILY HOUSING,San Diego,HOME,Active,2040-05-26,11.0,HOME_1,False,0.0,active
1155634,,San Diego,HOME,Active,2040-06-29,11.0,HOME_1,False,0.0,active
1160555,SCHMALE FAMILY SENIORS RESIDENCE,Unincorporated San Diego County,542(C) HFA RISK SHG -- FFB NC/SR,Active,2060-07-01,62.0,FHA_1,False,0.0,active
1160555,SCHMALE FAMILY SENIORS RESIDENCE,Unincorporated San Diego County,9% Tax Credit,Active,2074-01-01,61.0,LIHTC_1,False,0.0,active
1160555,SCHMALE FAMILY SENIORS RESIDENCE,Unincorporated San Diego County,HOME,Active,2040-12-29,61.0,HOME_1,False,0.0,active
1160555,SCHMALE FAMILY SENIORS RESIDENCE,Unincorporated San Diego County,CA California State Low Income Housing Tax Credit,Active,2074-01-01,61.0,State_1,False,0.0,active
1161278,ZEPHYR,San Diego,9% Tax Credit,Active,2074-01-01,84.0,LIHTC_1,False,0.0,active
1161278,ZEPHYR,San Diego,CA California State Low Income Housing Tax Credit,Active,2074-01-01,84.0,State_1,False,0.0,active
1161279,THE ALLISON APARTMENTS,San Diego,4% and 9% Tax Credit,Active,2073-01-01,57.0,LIHTC_1,False,0.0,active
1161280,LUNA AT PACIFIC HIGHLANDS RANCH,San Diego,4% Tax Credit,Active,2073-01-01,77.0,LIHTC_1,False,0.0,active
1162230,LUTHER TOWER,San Diego,4% Tax Credit,Active,2073-01-01,198.0,LIHTC_1,False,0.0,active
1172217,RANCHO BERNARDO SENIOR HOUSING,San Diego,221(D)(4) MKT RATE MOD INC/ DISP FAMS,Active,2063-04-01,178.0,FHA_1,False,0.0,active
1172217,RANCHO BERNARDO SENIOR HOUSING,San Diego,4% Tax Credit,Active,2078-01-01,175.0,LIHTC_1,False,0.0,active
1173160,C4,Coronado,4% Tax Credit,Active,2074-01-01,35.0,LIHTC_1,False,0.0,active
1173219,VILLA DE VIDA POWAY,Poway,9% Tax Credit,Active,2076-01-01,53.0,LIHTC_1,False,0.0,active
1173233,BENSON PLACE APARTMENTS FKA HOLLISTER APARTMENTS,San Diego,9% Tax Credit,Active,2075-01-01,82.0,LIHTC_1,False,0.0,active
1173234,PASEO LA PAZ,San Diego,4% Tax Credit,Active,2074-01-01,137.0,LIHTC_1,False,0.0,active
1173236,SAN YSIDRO SENIOR VILLAGE,San Diego,9% Tax Credit,Active,2075-01-01,50.0,LIHTC_1,False,0.0,active
1173236,SAN YSIDRO SENIOR VILLAGE,San Diego,HOME,Active,2041-06-24,15.0,HOME_1,False,0.0,active
1173237,VILLA ENCANTADA APARTMENTS,San Diego,9% Tax Credit,Active,2073-01-01,66.0,LIHTC_1,False,0.0,active
1173238,ENCANTO VILLAGE,San Diego,9% Tax Credit,Active,2074-01-01,65.0,LIHTC_1,False,0.0,active
1173238,ENCANTO VILLAGE,San Diego,HOME,Active,2040-06-11,11.0,HOME_1,False,0.0,active
1173238,ENCANTO VILLAGE,San Diego,CA California State Low Income Housing Tax Credit,Active,2074-01-01,65.0,State_1,False,0.0,active
1173250,RIO VISTA APARTMENTS SAN YSIDRO,San Diego,4% Tax Credit,Active,2028-01-01,158.0,LIHTC_1,True,158.0,active
1173263,THE GROVE,Vista,9% Tax Credit,Active,2075-01-01,80.0,LIHTC_1,False,0.0,active
1173263,THE GROVE,Vista,HOME,Active,2042-05-10,80.0,HOME_1,False,0.0,active
1173456,PLAYA DEL SOL FAMILY APARTMENTS,San Diego,4% Tax Credit,Active,2074-01-01,41.0,LIHTC_1,False,0.0,active
1173641,SERENITY VILLAGE,Escondido,HOME,Active,2027-06-18,4.0,HOME_1,True,4.0,active
1173743,,San Diego,HOME,Active,2041-01-05,6.0,HOME_1,False,0.0,active
1173749,IVY SENIOR APARTMENTS,San Diego,9% Tax Credit,Active,2076-01-01,52.0,LIHTC_1,False,0.0,active
1173749,IVY SENIOR APARTMENTS,San Diego,HOME,Active,2042-05-03,20.0,HOME_1,False,0.0,active
1180006,CIVITA II FAMILY,San Diego,4% Tax Credit,Active,2076-01-01,201.0,LIHTC_1,False,0.0,active
1180007,TRINITY PLACE APARTMENTS,San Diego,9% Tax Credit,Active,2076-01-01,73.0,LIHTC_1,False,0.0,active
1180008,THE MERIAN FKA PARK MARKET,San Diego,4% Tax Credit,Active,2075-01-01,85.0,LIHTC_1,False,0.0,active
1180009,THE LINK,San Diego,9% Tax Credit,Active,2075-01-01,86.0,LIHTC_1,False,0.0,active
1180009,THE LINK,San Diego,CA California State Low Income Housing Tax Credit,Active,2075-01-01,86.0,State_1,False,0.0,active
1180028,PASEO ARTIST VILLAGE,Vista,9% Tax Credit,Active,2077-01-01,59.0,LIHTC_1,False,0.0,active
1183391,14TH COMMERCIAL APARTMENTS,San Diego,4% Tax Credit,Active,2076-01-01,323.0,LIHTC_1,False,0.0,active
1183391,14TH COMMERCIAL APARTMENTS,San Diego,4% Tax Credit,Active,2076-01-01,80.0,LIHTC_2,False,0.0,active
1183391,14TH COMMERCIAL APARTMENTS,San Diego,HOME,Active,2043-02-27,20.0,HOME_1,False,0.0,active
1183391,14TH COMMERCIAL APARTMENTS,San Diego,HOME,Active,2043-02-27,25.0,HOME_2,False,0.0,active
1183392,TRINITY APARTMENTS,San Diego,HOME,Active,2043-02-27,15.0,HOME_1,False,0.0,active
1183393,ORCHARD AT HILLTOP FKA HILLTOP & EUCLID FAMILY,San Diego,HOME,Active,2043-05-26,20.0,HOME_1,False,0.0,active
1183393,ORCHARD AT HILLTOP FKA HILLTOP & EUCLID FAMILY,San Diego,CA California State Low Income Housing Tax Credit,Active,2077-01-01,111.0,State_1,False,0.0,active
1186762,GENESIS APARTMENTS FKA EL CAJON SENIOR APARTMENTS,El Cajon,9% Tax Credit,Active,2076-01-01,8.0,LIHTC_1,False,0.0,active
1186844,KEELER COURT APARTMENTS,San Diego,4% Tax Credit,Active,2076-01-01,70.0,LIHTC_1,False,0.0,active
1186893,VILLA SERENA PHASE 1,San Marcos,9% Tax Credit,Active,2078-01-01,84.0,LIHTC_1,False,0.0,active
1186996,FAIRBANKS TERRACE II,San Diego,4% Tax Credit,Active,2076-01-01,30.0,LIHTC_1,False,0.0,active
1186996,FAIRBANKS TERRACE II,San Diego,CA California State Low Income Housing Tax Credit,Active,2076-01-01,30.0,State_1,False,0.0,active
1187017,MARINERS VILLAGE,San Diego,4% Tax Credit,Active,2076-01-01,155.0,LIHTC_1,False,0.0,active
1187018,APOLLO APARTMENTS FKA POWAY COMMONS,Poway,4% Tax Credit,Active,2076-01-01,43.0,LIHTC_1,False,0.0,active
1187018,APOLLO APARTMENTS FKA POWAY COMMONS,Poway,CA California State Low Income Housing Tax Credit,Active,2076-01-01,43.0,State_1,False,0.0,active
1187182,JAMBOREE SAN YSIDRO PERMANENT SUPPORTIVE HOUSING,San Diego,9% Tax Credit,Active,2078-01-01,64.0,LIHTC_1,False,0.0,active
1187322,ALORA,San Marcos,9% Tax Credit,Active,2078-01-01,99.0,LIHTC_1,False,0.0,active
1187390,WINDSOR POINTE,Carlsbad,4% Tax Credit,Active,2077-01-01,48.0,LIHTC_1,False,0.0,active
1187390,WINDSOR POINTE,Carlsbad,CA California State Low Income Housing Tax Credit,Active,2077-01-01,48.0,State_1,False,0.0,active
1190156,ANITA STREET APARTMENTS,Chula Vista,9% Tax Credit,Active,2077-01-01,95.0,LIHTC_1,False,0.0,active
1190238,HARRIS FAMILY SENIOR RESIDENCE FKA EAST BLOCK SENIOR APARTMENTS,San Diego,4% Tax Credit,Active,2077-01-01,115.0,LIHTC_1,False,0.0,active
1190478,VALENCIA POINTE,San Diego,4% Tax Credit,Active,2077-01-01,101.0,LIHTC_1,False,0.0,active
1190478,VALENCIA POINTE,San Diego,CA California State Low Income Housing Tax Credit,Active,2077-01-01,101.0,State_1,False,0.0,active
1190743,ONE MISSISSIPPI FKA MISSISSIPPI ECB,San Diego,4% Tax Credit,Active,2077-01-01,60.0,LIHTC_1,False,0.0,active
1190801,THE COURTYARDS AT KIMBALL,National City,4% Tax Credit,Active,2078-01-01,130.0,LIHTC_1,False,0.0,active
1190801,THE COURTYARDS AT KIMBALL,National City,CA California State Low Income Housing Tax Credit,Active,2078-01-01,130.0,State_1,False,0.0,active
1191071,AMANECER APARTMENTS,San Diego,4% Tax Credit,Active,2077-01-01,95.0,LIHTC_1,False,0.0,active
1191193,EL DORADO II APARTMENTS,San Marcos,9% Tax Credit,Active,2076-01-01,83.0,LIHTC_1,False,0.0,active
1191198,MID CITY FAMILY APARTMENTS FKA EAST BLOCK FAMILY APARTMENTS,San Diego,4% Tax Credit,Active,2077-01-01,77.0,LIHTC_1,False,0.0,active
1191272,PARK CREST APARTMENTS,San Diego,4% Tax Credit,Active,2077-01-01,139.0,LIHTC_1,False,0.0,active
1191330,THE HELM FKA FRONT & BEECH APARTMENTS,San Diego,4% Tax Credit,Active,2078-01-01,77.0,LIHTC_1,False,0.0,active
1191330,THE HELM FKA FRONT & BEECH APARTMENTS,San Diego,CA California State Low Income Housing Tax Credit,Active,2078-01-01,77.0,State_1,False,0.0,active
1193720,KIMBALL HIGHLAND,National City,542(C) HFA RISK SHARING-RECENT COMP,Active,2055-07-01,145.0,FHA_1,False,0.0,active
1195388,ENCELIA AT COTA VERA,Chula Vista,4% Tax Credit,Active,2078-01-01,173.0,LIHTC_1,False,0.0,active
1195450,SHORELINE,San Diego,4% Tax Credit,Active,2079-01-01,124.0,LIHTC_1,False,0.0,active
1195450,SHORELINE,San Diego,CA California State Low Income Housing Tax Credit,Active,2079-01-01,124.0,State_1,False,0.0,active
1195630,VALLEY SENIOR VILLAGE,Escondido,4% Tax Credit,Active,2078-01-01,49.0,LIHTC_1,False,0.0,active
1195709,GREENBRIER VILLAGE,Oceanside,9% Tax Credit,Active,2079-01-01,59.0,LIHTC_1,False,0.0,active
1195709,GREENBRIER VILLAGE,Oceanside,CA California State Low Income Housing Tax Credit,Active,2079-01-01,59.0,State_1,False,0.0,active
1195773,VISTA AZUL,Carlsbad,4% Tax Credit,Active,2079-01-01,69.0,LIHTC_1,False,0.0,active
1195782,LEVANT SENIOR COTTAGES,San Diego,4% Tax Credit,Active,2079-01-01,126.0,LIHTC_1,False,0.0,active
1195824,ALPINE FAMILY APARTMENTS,Unincorporated San Diego County,9% Tax Credit,Active,2078-01-01,37.0,LIHTC_1,False,0.0,active
1195854,PAUL DOWNEY SENIOR RESIDENCE F K A MESSINA,San Diego,9% Tax Credit,Active,2080-01-01,78.0,LIHTC_1,False,0.0,active
1195854,PAUL DOWNEY SENIOR RESIDENCE F K A MESSINA,San Diego,CA California State Low Income Housing Tax Credit,Active,2080-01-01,93.0,State_1,False,0.0,active
1195923,AQUILA APARTMENTS,San Diego,4% Tax Credit,Active,2078-01-01,178.0,LIHTC_1,False,0.0,active
1195923,AQUILA APARTMENTS,San Diego,CA California State Low Income Housing Tax Credit,Active,2078-01-01,178.0,State_1,False,0.0,active
1195932,NESTOR SENIOR VILLAGE,San Diego,9% Tax Credit,Active,2078-01-01,73.0,LIHTC_1,False,0.0,active
1196136,LIVIA AT SCRIPPS RANCH FKA SCRIPPS MESA APARTMENTS,San Diego,4% Tax Credit,Active,2078-01-01,53.0,LIHTC_1,False,0.0,active
1196171,PACIFIC WIND APARTMENTS,Carlsbad,4% Tax Credit,Active,2079-01-01,88.0,LIHTC_1,False,0.0,active
1196171,PACIFIC WIND APARTMENTS,Carlsbad,CA California State Low Income Housing Tax Credit,Active,2079-01-01,88.0,State_1,False,0.0,active
1196184,COLUMBA APARTMENTS,Chula Vista,4% Tax Credit,Active,2078-01-01,198.0,LIHTC_1,False,0.0,active
1196184,COLUMBA APARTMENTS,Chula Vista,CA California State Low Income Housing Tax Credit,Active,2078-01-01,198.0,State_1,False,0.0,active
1196191,ULRIC STREET APARTMENTS II,San Diego,9% Tax Credit,Active,2079-01-01,59.0,LIHTC_1,False,0.0,active
1196191,ULRIC STREET APARTMENTS II,San Diego,CA California State Low Income Housing Tax Credit,Active,2079-01-01,59.0,State_1,False,0.0,active
1196192,WEST FKA COURTHOUSE COMMONS,San Diego,4% Tax Credit,Active,2079-01-01,41.0,LIHTC_1,False,0.0,active
1196204,CORALLINA,San Diego,4% Tax Credit,Active,2079-01-01,16.0,LIHTC_1,False,0.0,active
1196222,ESTRELLA,San Marcos,9% Tax Credit,Active,2079-01-01,94.0,LIHTC_1,False,0.0,active
1196397,CITY HEIGHTS PLAZA DEL SOL,San Diego,9% Tax Credit,Active,2078-01-01,74.0,LIHTC_1,False,0.0,active
1198042,IRIS AT SAN YSIDRO,San Diego,CA California State Low Income Housing Tax Credit,Active,2080-01-01,99.0,State_1,False,0.0,active
1198055,NORTH CITY AFFORDABLE,San Marcos,CA California State Low Income Housing Tax Credit,Active,,222.0,State_1,False,0.0,active
1198070,LA SABILA FKA SANTA FE APARTMENTS,Vista,CA California State Low Income Housing Tax Credit,Active,2080-01-01,84.0,State_1,False,0.0,active
